CHROM,POS,TYPE,REF,ALT,EVIDENCE,FTYPE,STRAND,NT_POS,AA_POS,EFFECT,LOCUS_TAG,GENE,PRODUCT
1,57767,snp,C,A,A:20 C:0
1,107567,snp,G,T,T:20 G:0
1,128605,snp,T,C,C:20 T:0
1,152501,snp,C,T,T:20 C:0
1,167718,snp,T,C,C:20 T:0
1,172732,snp,G,A,A:20 G:0
1,195161,snp,A,G,G:20 A:0
1,297417,snp,G,T,T:20 G:0
1,321851,snp,A,C,C:20 A:0
1,337178,snp,C,A,A:20 C:0
1,337281,snp,C,T,T:20 C:0
1,337370,snp,A,G,G:20 A:0
1,365341,snp,T,G,G:20 T:0
1,365514,snp,C,A,A:20 C:0
1,492739,snp,G,A,A:20 G:0
1,506577,snp,G,A,A:20 G:0
2,1989,complex,CCCCCCC,TCCCT,TCCCT:16 CCCCCCC:0
2,5800,snp,G,C,C:20 G:0
2,10974,snp,G,T,T:20 G:0
2,12638,snp,G,T,T:20 G:0
2,17277,snp,T,G,G:20 T:0
2,24524,snp,A,C,C:20 A:0
2,31306,snp,C,A,A:20 C:0
2,46534,snp,G,A,A:20 G:0
2,94555,snp,G,A,A:20 G:0
2,121202,snp,A,G,G:20 A:0
2,124579,del,GA,G,G:19 GA:0
2,151514,snp,C,T,T:20 C:0
2,170417,ins,T,TG,TG:20 T:0
2,186774,snp,T,G,G:20 T:0
2,221557,snp,A,G,G:20 A:0
2,262757,snp,G,A,A:20 G:0
2,295933,snp,A,G,G:20 A:0
2,326794,snp,G,A,A:20 G:0
2,389177,snp,T,G,G:20 T:0
2,394503,snp,G,T,T:20 G:0
2,402125,snp,G,A,A:20 G:0
2,431429,snp,G,A,A:20 G:0
2,460184,snp,A,G,G:20 A:0
2,465663,snp,C,A,A:20 C:0
3,183672,ins,C,CT,CT:19 C:0
3,207153,del,TTAGGGGAATAGGGGAATAGGGGAA,T,T:13 TTAGGGGAATAGGGGAATAGGGGAA:0
3,207284,del,TTCCCTTACTCCCTTAC,T,T:12 TTCCCTTACTCCCTTAC:0
3,252434,snp,T,C,C:20 T:0
3,256048,snp,T,G,G:20 T:0
3,314576,snp,G,A,A:20 G:0
3,325454,snp,A,G,G:20 A:0
3,352977,snp,T,G,G:20 T:0
3,391320,snp,T,C,C:20 T:0
3,393764,snp,A,G,G:20 A:0
4,47108,snp,T,G,G:20 T:0
4,48796,snp,T,G,G:20 T:0
4,64354,snp,T,G,G:20 T:0
4,69498,del,AT,A,A:18 AT:0
4,100435,snp,G,A,A:20 G:0
4,203109,snp,T,C,C:20 T:0
4,212568,ins,G,GGCA,GGCA:20 G:0
4,220219,snp,T,G,G:20 T:0
4,248323,snp,G,T,T:20 G:0
4,278919,snp,G,T,T:20 G:0
4,278939,snp,T,C,C:20 T:0
4,299034,snp,T,C,C:20 T:0
4,328869,ins,C,CA,CA:20 C:0
4,359440,snp,C,A,A:20 C:0
5,26040,snp,C,A,A:20 C:0
5,39479,snp,A,G,G:20 A:0
5,47545,snp,T,C,C:20 T:0
5,71253,del,CT,C,C:20 CT:0
5,82812,ins,T,TTTACTCCC,TTTACTCCC:15 T:0
5,106790,snp,A,C,C:20 A:0
5,118432,ins,T,TG,TG:18 T:0
5,161686,snp,T,G,G:20 T:0
5,165561,snp,A,G,G:20 A:0
5,263301,snp,T,G,G:20 T:0
5,290264,snp,T,G,G:20 T:0
6,162577,snp,A,C,C:20 A:0
6,166602,ins,T,TTACTGCCCTACTGCCCTACTGCCC,TTACTGCCCTACTGCCCTACTGCCC:12 T:0
6,179994,del,TCG,T,T:18 TCG:0
6,242798,ins,T,TG,TG:18 T:0
7,16727,del,TG,T,T:20 TG:0
7,43693,snp,G,T,T:20 G:0
7,96668,snp,T,C,C:20 T:0
7,112691,snp,T,C,C:20 T:0
7,116260,snp,G,T,T:20 G:0
7,120996,del,TGGCCG,T,T:16 TGGCCG:0
7,137121,snp,A,G,G:20 A:0
7,137235,ins,C,CG,CG:19 C:0
7,142843,ins,G,GAGTAGGGCAGTAGGGCAGTAGGGC,GAGTAGGGCAGTAGGGCAGTAGGGC:10 G:0
7,172506,snp,G,A,A:20 G:0
7,186125,snp,C,T,T:20 C:0
7,190934,ins,A,AC,AC:18 A:0
8,2500,snp,G,T,T:20 G:0
8,35351,snp,A,C,C:20 A:0
8,97377,snp,T,C,C:20 T:0
8,149663,snp,A,C,C:20 A:0
9,18791,snp,G,T,T:20 G:0
9,25709,del,ACAGGATGTCGGG,A,A:16 ACAGGATGTCGGG:0
9,51739,snp,G,A,A:20 G:0
9,53102,del,CA,C,C:19 CA:0
9,90889,snp,A,C,C:20 A:0
9,117519,snp,T,C,C:20 T:0
10,4564,snp,A,G,G:20 A:0
10,4849,snp,A,G,G:20 A:0
10,47281,snp,T,G,G:20 T:0
10,56299,snp,T,C,C:20 T:0
11,7453,ins,T,TC,TC:18 T:0
11,23848,ins,T,TG,TG:20 T:0
11,63088,snp,T,C,C:12 T:0
12,46178,snp,G,A,A:20 G:0
13,44435,snp,T,C,C:20 T:0
21,2260,snp,C,A,A:14 C:0
